{
    "messageVersion":"1.0",
    "invocationSource":"FulfillmentCodeHook",
    "userId":"tsheq4tgk74stuo0m9ih4e32ulmgj2ro",
    "sessionAttributes":{
    },
    "requestAttributes":"None",
    "bot":{
       "name":"LBWFBot",
       "alias":"$LATEST",
       "version":"$LATEST"
    },
    "outputDialogMode":"Text",
    "currentIntent":{
       "name":"ASBReport",
       "slots":{
          "ImmediateDanger":"No"
       },
       "slotDetails":{
          "ImmediateDanger":{
             "resolutions":[
                {
                   "value":"No"
                }
             ],
             "originalValue":"no"
          }
       },
       "confirmationStatus":"None",
       "sourceLexNLUIntentInterpretation":"None"
    },
    "inputTranscript":"no"
 }